trail_id,backpacking,beach,bike_touring,bird_watching,camping,cave,city_walk,cross_country_skiing,dog_friendly,easy,elevationm,event,fishing,forest,hard,hiking,historic_site,horse_back_riding,hot_springs,kid_friendly,lake,length_km,loop,medium,mountain_biking,name,nature_trips,ohv_off_road_driving,out_and_back,paddle_sports,partially_paved,paved,point_to_point,pub_walk,rails_trails,river,road_biking,rock_climbing,running,scenic_driving,skiing,snowshoeing,stroller_friendly,via_ferrata,views,walking,waterfalls,wheelchair_friendly,wildflowers,wildlife
273,0,0,0,0,0,0,1,0,0,1,22,0,0,0,0,0,1,0,0,1,0,55,1,0,0,Ostia Antica,0,0,0,0,0,0,0,0,0,0,0,0,0,0,0,0,0,0,1,1,0,0,0,0
280,0,0,0,0,0,0,1,0,0,0,206,0,0,0,0,0,1,0,0,1,0,89,0,1,0,Rome Walking Tour,0,0,0,0,0,1,1,0,0,1,0,0,0,0,0,0,0,0,1,1,0,0,0,0
339,0,0,0,0,0,0,0,0,0,1,345,0,0,1,0,1,0,0,0,1,0,89,1,0,0,"Ruara Valley, Cau, and Bosco di Cartore Loop",0,0,0,0,0,0,0,0,0,0,0,0,0,0,0,0,0,0,0,1,0,0,1,0
346,0,0,0,0,0,0,0,0,0,0,94,0,0,1,0,1,0,0,0,0,0,63,1,1,0,"Cervarano, Sambuco and Briganti Path",0,0,0,0,0,0,0,0,0,0,0,0,0,0,0,0,0,0,1,0,0,0,1,0
347,0,0,0,1,0,0,0,0,0,0,1087,0,0,0,1,1,0,0,0,0,1,140,1,0,0,"Cesa Valley, Cieco Valley and Duchessa Lake",1,0,0,0,0,0,0,0,0,0,0,0,0,0,0,0,0,0,1,1,0,0,0,0
352,0,0,0,1,0,1,1,0,0,0,232,0,0,0,0,1,1,0,0,0,0,100,1,1,1,Blera - Bandita,1,0,0,0,0,0,0,0,0,1,0,0,1,0,0,0,0,0,1,0,1,0,1,1
376,0,0,0,0,0,0,0,0,0,1,140,0,0,1,0,1,0,0,0,1,0,69,1,0,0,"Rofalco, Rosacrepante, Mignattara",0,0,0,0,0,0,0,0,0,0,0,0,0,0,0,0,0,0,1,0,0,0,0,0
379,0,0,0,1,1,0,0,0,0,0,433,0,0,0,0,1,1,0,0,0,0,76,1,1,1,Monte Redentore,1,0,1,0,0,0,0,0,0,0,0,0,0,0,0,0,0,0,1,1,0,0,1,1
416,0,0,0,0,0,0,0,0,0,0,977,0,0,0,1,1,0,0,0,0,0,121,1,0,0,Duchessa Natural Reserve Mountains Loop,1,0,0,0,0,0,0,0,0,0,0,0,0,0,0,0,0,0,1,0,0,0,1,0
417,0,0,0,1,0,0,0,0,0,0,983,0,0,0,1,1,0,0,0,0,1,150,1,0,0,Duchess Lake Extended Loop,0,0,0,0,0,0,0,0,0,0,0,0,0,0,0,0,0,0,1,0,0,0,1,1
424,0,0,0,0,0,0,1,0,0,1,44,0,0,0,0,1,0,0,0,1,0,34,0,0,0,Rome Fountains Walking Tour,1,0,0,0,0,0,1,0,0,0,0,0,0,0,0,0,0,0,1,1,0,0,0,0
457,1,0,0,0,0,0,1,0,0,0,68,0,0,0,0,1,0,0,0,1,1,151,0,1,1,The Appian Way | Via Appia Antica,1,0,0,0,1,0,1,0,0,0,1,0,0,0,0,0,0,0,0,1,0,0,0,1
484,0,0,0,1,0,0,0,0,0,0,770,0,0,0,1,1,0,0,0,0,0,145,1,0,0,"Amara Valley, Asino Valley and Campetelli",1,0,0,0,0,0,0,0,0,0,0,0,0,0,0,0,0,0,1,1,0,0,1,0
485,0,0,0,0,0,0,1,0,0,1,135,0,0,0,0,1,1,0,0,1,0,63,0,0,0,Rome at Night Walking Tour,0,0,0,0,0,0,1,0,0,0,0,0,0,0,0,0,0,0,0,1,0,0,0,0
496,0,0,0,0,0,0,0,0,0,1,427,0,0,1,0,1,1,0,0,1,0,95,1,0,0,Monte Catillo Loop,1,0,0,0,0,0,0,0,0,0,0,0,0,0,0,0,0,0,1,1,0,0,1,0
536,0,0,0,0,0,0,1,0,0,0,250,0,0,0,0,0,1,0,0,1,0,145,1,1,0,Rome Family Friendly Walking Tour,0,0,0,0,0,0,0,0,0,1,0,0,0,0,0,0,0,0,0,1,0,0,0,0
558,0,0,0,1,0,0,1,0,0,1,91,0,0,0,0,0,1,0,0,1,0,51,0,0,0,Rome Walking Tour,0,0,0,0,0,0,1,0,0,1,0,0,0,0,0,0,0,0,1,1,0,0,0,0
573,0,0,0,0,0,0,0,0,0,0,676,0,0,1,0,1,1,0,0,0,0,117,1,1,0,Colle della Caparnassa - Monte Pellecchia - Pizzo Pellecchia,1,0,0,0,0,0,0,0,0,0,0,0,0,0,0,1,0,0,1,0,0,0,0,0
583,0,0,0,0,0,0,0,0,0,0,919,0,0,1,1,1,0,0,0,0,1,111,1,0,0,Duchess Lake Loop,1,0,0,0,0,0,0,0,0,0,0,0,0,0,0,0,0,0,1,0,0,0,1,1
586,1,0,0,0,0,0,0,0,0,0,812,0,0,0,0,1,0,0,0,0,0,93,1,1,0,Monte Meta from Prati di Mezzo,1,0,1,0,0,0,0,0,0,0,0,0,0,0,0,0,0,0,1,0,0,0,0,1
593,1,0,0,0,0,0,0,0,0,0,1019,0,0,1,1,1,0,0,0,0,0,134,1,0,0,Monte Tarino,0,0,0,0,0,0,0,0,0,0,0,0,0,0,0,1,0,0,1,0,0,0,0,0
605,0,0,1,0,1,0,0,0,0,0,485,0,0,1,0,1,0,0,0,0,0,79,0,1,1,Capranica Presentina - Monte Calo - Guadagnolo,1,0,0,0,0,0,1,0,0,0,0,0,0,0,0,0,0,0,1,0,0,0,1,1
611,0,0,0,0,0,0,1,0,0,0,57,0,0,0,0,0,0,0,0,1,0,31,0,1,0,Campus Martius Highlights Walking Tour,0,0,0,0,0,0,1,0,0,1,0,0,0,0,0,0,0,0,1,1,0,0,0,0
629,0,0,0,0,0,0,0,0,0,0,368,0,0,1,0,1,0,0,0,0,0,122,1,1,1,Cimitero - Cascatelle - Monte Mancini,1,0,0,0,1,0,0,0,0,1,0,0,0,0,0,0,0,0,1,0,1,0,1,1
665,0,0,0,0,0,0,0,0,0,1,220,0,0,1,0,1,1,0,0,1,0,55,1,0,0,Campo dell'Osso - Monte Autore,1,0,1,0,0,0,0,0,0,0,0,0,1,0,0,1,0,0,1,1,0,0,0,0
679,0,0,0,0,0,0,0,0,0,0,574,0,0,0,0,1,0,0,0,0,0,172,1,1,1,Canale Monterano,1,0,1,0,0,0,0,0,0,1,0,0,0,0,0,0,0,0,1,1,0,0,0,0
692,0,0,0,0,0,0,0,0,0,0,853,0,0,1,1,1,0,0,0,0,0,76,1,0,0,Pizzo Deta,1,0,1,0,0,0,0,0,0,0,0,0,0,0,0,0,0,0,1,1,0,0,0,0
699,0,0,0,1,0,0,0,0,0,1,23,0,0,1,0,0,1,0,0,0,0,45,1,0,0,Villa di Plinio Loop,1,0,0,0,0,0,0,0,0,0,0,0,0,0,0,0,0,0,0,1,0,0,1,0
709,0,0,0,0,0,0,0,0,0,1,148,0,0,0,0,1,0,0,0,0,0,72,1,0,0,Castel Giuliano Waterfalls,1,0,1,0,0,0,0,0,0,0,0,0,0,0,0,0,0,0,1,1,1,0,0,0
1332,0,0,0,0,0,0,0,0,0,0,855,0,0,0,0,1,0,0,0,0,0,288,1,1,1,Valle del Sorbo,1,0,0,0,0,0,0,0,0,1,0,0,0,0,0,0,0,0,1,0,0,0,0,0
716,0,0,0,0,0,0,0,0,0,0,697,0,0,0,1,1,0,0,0,0,0,97,1,0,0,Monte Terminillo - Monte Terminilletto - Cima di Val'Organo,1,0,0,0,0,0,0,0,0,0,0,0,0,0,0,0,0,0,1,0,0,0,1,1
736,0,0,0,0,0,0,0,0,0,1,42,0,0,0,0,1,1,0,0,1,0,63,1,0,1,Parco degli Acquedotti,0,0,0,0,0,0,0,0,0,0,0,0,0,0,0,0,0,0,1,1,0,0,0,0
744,0,0,0,0,0,0,0,0,0,0,595,0,0,0,1,1,0,0,0,0,0,74,0,0,0,San Felice Circeo,0,0,0,0,0,0,1,0,0,0,0,0,0,0,0,0,0,0,1,0,0,0,0,0
769,0,0,0,1,0,0,0,0,0,0,469,0,0,1,0,1,0,0,0,0,0,100,1,1,0,Monte Gennaro,1,0,1,0,0,0,0,0,0,0,0,0,0,0,0,0,0,0,1,0,0,0,1,1
788,0,0,0,0,0,0,0,0,0,0,113,0,0,0,0,1,0,0,0,0,1,97,1,1,1,Lake Albano,1,0,0,0,0,0,0,0,0,0,0,0,0,0,0,0,0,0,1,1,0,0,0,0
813,0,0,0,0,0,0,0,0,0,1,62,0,0,0,0,0,0,0,0,1,0,64,1,0,0,Caffarella Park Loop,1,0,0,0,0,0,0,0,0,0,0,0,1,0,0,0,0,0,0,1,0,0,1,0
830,0,0,0,1,0,0,1,0,0,1,95,0,0,1,0,1,1,0,0,1,0,45,1,0,0,Necropoli S. Simone - S. Giuliano,0,0,0,0,0,0,0,0,0,0,0,0,0,0,0,0,0,0,0,1,0,0,1,1
835,1,0,0,0,1,0,0,0,0,0,615,0,0,0,0,1,1,0,0,0,0,183,0,1,1,La Via Francigena: Bolsena to Montellascone,1,0,0,0,0,0,1,0,0,0,0,0,0,0,0,0,0,0,1,1,0,0,0,0
854,0,0,0,0,0,0,0,0,0,0,434,0,0,0,0,0,0,0,0,0,1,153,1,1,1,Lake Albano to Lake Nemi,1,0,0,0,0,0,0,0,0,0,0,0,0,0,0,0,0,0,1,0,0,0,0,0
869,0,0,0,0,0,0,0,0,0,0,741,0,0,1,0,1,0,0,0,0,0,117,1,1,0,Monte Semprevisa and Monte La Croce Loop,1,0,0,0,0,0,0,0,0,0,0,0,1,0,0,0,0,0,1,0,0,0,1,1
873,1,0,0,1,0,0,0,0,0,0,1338,0,0,1,1,1,0,0,0,0,1,182,1,0,0,Cartore - Murolungo - Cimata di Macchia Triste - Capo Teve,1,0,0,0,0,0,0,0,0,0,0,0,0,0,0,0,0,0,1,0,0,0,1,1
874,0,0,0,1,0,0,0,0,0,0,519,0,0,1,0,1,0,0,0,0,0,113,1,1,0,Stazzano - Pozzo Badino - Monteflavio,1,0,1,0,1,0,0,0,0,0,0,0,1,0,0,0,0,0,1,0,0,0,1,1
875,1,0,0,0,0,0,0,0,0,0,490,0,0,0,0,1,1,0,0,0,0,220,0,1,1,La Via Francigena: Acquapendente to Bolsena,1,0,0,0,0,0,1,0,0,0,0,0,0,0,0,0,0,0,1,0,0,0,0,0
884,0,0,0,1,0,0,0,0,0,0,460,0,0,1,0,1,0,0,0,0,0,43,1,1,0,Monte Circeo via Sentiero Torre Paola,1,0,1,0,0,0,0,0,0,0,0,0,0,0,0,0,0,0,1,0,0,0,1,1
903,0,0,0,0,0,0,0,0,0,0,785,0,0,1,0,1,0,0,0,0,0,100,1,1,1,Monte Gennaro - Monte Morrone della Croce,1,0,1,0,0,0,0,0,0,0,0,0,1,0,0,0,0,0,1,0,0,0,1,1
914,0,0,0,0,0,0,0,0,0,0,478,0,0,0,0,1,0,0,0,0,0,74,1,1,0,Monte Cervia Loop,1,0,0,0,1,0,0,0,0,0,0,0,0,0,0,0,0,0,1,1,0,0,1,1
925,0,0,0,0,0,0,1,0,0,0,343,0,0,0,0,0,1,0,0,0,0,249,0,1,0,Via delle Sette Chiese,0,0,0,0,0,1,1,0,0,1,0,0,0,0,0,0,0,0,1,1,0,0,0,0
928,0,0,0,0,0,0,0,0,0,0,887,0,0,1,0,1,0,0,0,0,0,132,1,1,1,Monte Semprevisa from Bassiano,1,0,1,0,0,0,0,0,0,0,0,0,0,0,0,0,0,0,1,0,0,0,1,1
938,0,0,0,0,0,0,0,0,0,0,661,0,0,0,0,1,0,0,0,0,0,172,1,1,1,Artemisio Loop,0,0,0,0,0,0,0,0,0,1,0,0,0,0,0,0,0,0,1,0,0,0,0,1
946,1,0,0,0,0,0,0,0,0,0,440,0,0,0,0,1,1,0,0,0,0,241,0,1,1,La Via Francigena: Vetralla to Sutri,1,0,0,0,0,0,1,0,0,0,0,0,0,0,0,0,0,0,1,0,0,0,0,0
952,1,0,0,0,0,0,0,0,0,0,183,0,0,0,0,1,1,0,0,0,0,158,0,1,1,La Via Francigena: La Storta to Rome,1,0,0,0,0,0,1,0,0,0,0,0,0,0,0,0,0,0,1,0,0,0,0,0
961,1,0,0,0,0,0,0,0,0,0,356,0,0,0,0,1,1,0,0,0,0,235,0,1,1,La Via Francigena: Sutri to Campagnano di Roma,1,0,0,0,0,0,1,0,0,0,0,0,0,0,0,0,0,0,1,0,0,0,0,0
971,1,0,1,0,0,0,0,0,0,0,334,0,0,1,0,1,1,0,0,0,0,188,0,1,1,"Via Francigena, Stage | Tappa 41: Viterbo - Vetralla",1,0,0,0,1,0,1,0,0,1,0,0,0,0,0,0,0,0,1,0,0,0,1,1
977,0,0,0,1,0,0,0,0,0,0,663,0,0,1,0,1,0,0,0,0,0,90,1,1,0,Mount Pizzuto Loop,1,0,0,0,0,0,0,0,0,0,0,0,0,0,0,0,0,0,1,0,0,0,0,0
979,1,0,0,0,0,0,0,0,0,0,506,0,0,0,0,1,1,0,0,0,0,253,0,1,1,La Via Francigena: Campagnano di Roma to La Storta,1,0,0,0,0,0,1,0,0,0,0,0,0,0,0,0,0,0,1,0,0,0,0,0
988,0,0,0,0,0,0,0,0,0,0,217,0,0,1,0,1,1,0,0,0,0,106,1,1,1,"Area Archeologica Villa Campetti, Macchia Grande, Piazza d'Armi",1,0,0,0,1,0,0,0,0,1,0,0,0,0,0,0,0,0,1,0,1,0,0,0
1004,0,0,0,0,0,0,0,0,0,0,569,0,0,0,0,0,1,0,0,0,0,261,1,1,1,De Campagnano di Roma รก Monte Gelato,0,0,0,0,0,0,0,0,0,0,0,0,0,0,0,0,0,0,0,0,1,0,0,1
1005,0,0,0,0,0,0,0,0,0,0,624,0,0,0,0,1,0,0,0,0,0,261,1,1,1,Sentiero Bosco della Bandita Quarto,1,0,0,0,0,0,0,0,0,1,0,0,0,0,0,0,0,0,1,0,0,0,0,0
1009,0,0,0,1,0,0,0,0,0,0,843,0,0,0,1,1,0,0,0,0,1,119,1,0,0,Monte Navegna,1,0,0,0,0,0,0,0,0,0,0,0,0,0,0,0,0,0,1,0,0,0,1,0
1021,0,0,0,0,0,0,0,0,0,0,808,0,0,1,0,1,1,0,0,0,0,158,1,1,1,Monte Petrella Cima del Redentore - Monte Sant'Angelo,0,0,0,0,1,0,0,0,0,0,0,0,0,0,0,0,0,0,1,0,0,0,1,1
1029,0,0,0,0,0,0,0,0,0,0,2019,0,0,0,1,1,0,0,0,0,0,225,0,0,0,"Valle del Salto, Cartore, Val di Teve, Monte Cafornia- Monte Il Bicchero, e Rifugio Sebastiani",1,0,0,0,0,0,1,0,0,0,0,0,0,0,0,0,0,0,1,0,0,0,1,0
1034,0,0,0,0,0,0,0,0,0,0,475,0,0,1,0,1,0,0,0,0,0,134,1,1,0,Monte Autore dal Prato di Camposecco,1,0,0,0,0,0,0,0,0,0,0,0,0,0,0,0,0,0,0,0,0,0,0,0
1035,0,0,0,0,0,0,0,0,0,1,303,0,0,1,0,1,0,0,0,0,0,82,1,0,0,Campaegli - Campo Buffone,1,0,0,0,0,0,0,0,0,0,0,0,1,0,0,0,0,0,1,1,0,0,1,1
1040,0,0,0,0,0,0,0,0,0,0,74,0,0,0,0,1,1,0,0,0,0,90,1,1,1,Parco Acquedotti MTB Track,0,0,0,0,0,0,0,0,0,0,0,0,1,0,0,0,1,0,1,1,0,1,0,0
1044,0,0,0,0,0,0,0,0,0,0,134,0,0,1,0,1,0,0,0,0,0,43,1,1,0,Monte Tuscolo Loop,1,0,0,0,0,0,0,0,0,0,0,0,0,0,0,0,0,0,1,0,0,0,0,0
1049,0,0,0,0,0,0,0,0,1,1,260,0,0,1,0,1,1,0,0,1,0,47,1,0,0,Monte Soratte (Falesia del Drago),1,0,0,0,0,0,0,0,0,0,0,0,1,0,0,0,0,0,1,1,0,0,1,0
1062,0,0,0,0,0,0,0,0,0,0,700,0,0,0,0,1,0,0,0,0,0,301,1,1,1,Via Prato della Corte,1,0,0,0,0,0,0,0,0,1,0,0,0,0,0,0,0,0,1,0,0,0,0,0
1069,1,0,0,0,0,0,0,0,0,0,693,0,0,1,0,1,0,0,0,0,0,146,1,1,1,Camerata Vecchia - Rifugio Camposecco,0,0,1,0,0,0,0,0,0,1,0,0,0,0,0,0,0,0,1,0,0,0,1,1
1077,0,0,0,0,0,0,0,0,0,1,287,0,0,1,0,1,0,0,0,1,0,69,1,0,0,Campo dell'Osso - Le Vedute - Monte Autore - Monna dell'Orso,0,0,0,0,0,0,0,0,0,0,0,0,0,0,0,0,0,0,1,0,0,0,1,0
1086,1,0,0,1,0,0,0,0,0,0,1121,0,0,1,1,1,0,0,0,0,0,257,1,0,1,Rifugio di Camposecco - Monte Autore,0,0,0,0,0,0,0,0,0,0,0,0,0,0,0,0,0,0,1,0,0,0,1,1
1087,0,0,0,0,0,0,0,0,0,0,88,0,0,0,0,1,0,0,0,1,1,58,1,1,0,Via Del Casino Algardi,0,0,1,0,0,0,0,0,0,0,0,0,1,0,0,0,0,0,1,0,0,0,0,1
1094,0,0,0,1,0,0,0,0,0,0,661,0,0,0,1,1,0,0,0,0,0,182,1,0,0,"Monte Cavo, Colle Iano and Rome Viewpoint Loop",1,0,0,0,0,0,0,0,0,0,0,0,0,0,0,0,0,0,1,1,0,0,0,0
1101,1,0,0,0,0,0,0,0,0,0,145,0,0,0,0,1,1,0,0,0,0,175,0,1,1,La Via Francigena: Montefiascone to Viterbo,1,0,0,0,0,0,1,0,0,0,0,0,0,0,0,0,0,0,1,0,0,0,0,0
1104,1,0,0,0,0,0,0,0,0,0,206,0,0,1,0,1,1,0,0,0,0,74,0,1,0,Valle del Treja: Cascate di Monte Gelato - Calcata Vecchia,0,0,0,0,1,0,1,0,0,1,0,0,1,0,0,0,0,0,1,0,1,0,1,1
1113,0,0,0,0,0,0,0,0,0,0,152,0,0,0,0,1,0,0,0,0,0,40,1,1,0,Cascata Parco del Turona,1,0,0,0,0,0,0,0,0,0,0,0,0,0,0,0,0,0,1,1,1,0,1,0
1127,0,0,0,0,0,0,0,0,0,0,765,0,0,0,0,1,0,0,0,0,0,169,1,1,0,Monte San Martino - Sprone Maraoni,1,0,0,0,0,0,0,0,0,0,0,0,0,0,0,0,0,0,1,0,0,0,0,0
1137,0,0,0,0,0,0,0,0,0,1,60,0,0,0,0,1,0,0,0,0,0,55,1,0,0,Nature Trail,1,0,0,0,0,0,0,0,0,1,0,0,1,0,0,0,0,0,1,1,0,0,1,0
1142,0,0,0,0,0,0,0,0,0,0,269,0,0,0,0,1,0,0,0,0,0,80,1,1,1,Maschio delle Faete Loop,1,0,0,0,0,0,0,0,0,0,0,0,0,0,0,0,0,0,1,1,0,0,0,0
1146,0,0,0,0,0,0,0,0,0,0,609,0,0,0,0,1,0,0,0,0,0,193,1,1,1,Blue Route,1,0,0,0,0,0,0,0,0,0,0,0,0,0,0,0,0,0,1,0,0,0,0,0
1155,0,0,0,0,0,0,0,0,0,0,179,0,0,0,0,1,1,0,0,1,0,126,1,1,1,Villa Pamphili Loop,1,0,0,0,1,0,0,0,0,0,0,0,0,0,0,0,0,0,0,1,0,0,1,0
1161,0,1,0,0,0,0,0,0,0,0,343,0,0,1,0,1,0,0,0,0,0,135,1,1,0,Cascata Braccio di Mare - Cascata di Castel Giuliano,1,0,0,0,1,0,0,0,0,1,0,0,0,0,0,0,0,0,1,0,1,0,1,1
1170,0,0,0,0,0,0,0,0,0,0,596,0,0,1,0,1,0,0,0,0,0,69,1,1,0,Monte Cacume,1,0,1,0,0,0,0,0,0,0,0,0,0,0,0,0,0,0,1,0,0,0,0,0
1181,0,0,0,0,0,0,0,0,0,0,501,0,0,0,0,1,0,0,0,0,0,209,1,1,1,Via Delle Palme Loop,1,0,0,0,0,0,0,0,0,1,0,0,0,0,0,0,0,0,1,0,0,0,0,0
1190,0,0,0,1,0,0,0,0,0,0,840,0,0,1,1,1,1,0,0,0,0,177,0,0,0,Casperia to Misciani,1,0,0,0,1,0,1,0,0,0,0,0,1,0,0,0,0,0,1,0,0,0,1,1
1194,0,0,0,0,0,0,0,0,0,1,64,0,0,0,0,1,1,0,0,1,0,53,1,0,0,Anello Villa Doria Pamphili,1,0,0,0,0,0,0,0,0,0,0,0,0,0,0,0,0,0,1,1,0,0,0,0
1203,0,0,0,0,0,0,0,0,0,0,653,0,0,0,0,1,0,0,0,0,0,270,1,1,1,Da Cerveteri a Castelgiuliano,1,0,0,0,0,0,0,0,0,0,0,0,0,0,0,0,0,0,1,0,0,0,0,0
1206,0,0,0,0,0,0,0,0,0,0,363,0,0,1,0,1,0,0,0,0,0,85,0,1,0,Traversata Monte Serrapopolo,1,0,0,0,0,0,1,0,0,0,0,0,0,0,0,0,0,0,1,0,0,0,0,1
1209,0,0,0,0,0,0,0,0,0,1,102,0,0,1,0,1,0,0,0,1,0,35,1,0,0,Bocca di Teve,1,0,0,0,0,0,0,0,0,0,0,0,0,0,0,0,0,0,1,1,0,0,1,1
1210,0,0,0,0,0,0,0,0,0,0,601,0,0,0,0,1,0,0,0,0,0,238,1,1,1,Via Del Sepolcro to Via Settevene Palo,1,0,0,0,0,0,0,0,0,1,0,0,0,0,0,0,0,0,1,0,0,0,0,0
1211,0,0,0,1,0,0,0,0,0,0,195,0,0,1,0,1,0,1,0,0,0,146,1,1,1,Castel di Guido,0,0,0,0,0,0,0,0,0,0,0,0,0,0,0,0,0,0,1,0,0,0,1,1
1219,0,0,0,0,0,0,0,0,0,0,1086,0,0,1,1,0,0,0,0,0,0,295,1,0,1,Rifugio Portella - Cima del Redentore,1,0,0,0,0,0,0,0,0,0,0,0,0,0,0,0,0,0,1,0,0,0,0,1
1220,0,0,0,0,0,0,0,0,0,0,196,0,0,1,0,1,1,0,0,0,0,47,1,1,0,Monte Rufeno,1,0,0,0,0,0,0,0,0,0,0,0,0,0,0,0,0,0,1,0,0,0,1,1
1227,0,0,0,1,0,0,0,0,0,0,229,0,0,0,0,1,1,0,0,0,0,45,1,1,0,Da Nemi al Tempio di Diana,1,0,0,0,0,0,0,0,0,0,0,0,0,0,0,0,0,0,1,1,0,0,0,0
1237,0,0,0,0,0,0,0,0,0,1,215,0,0,0,0,1,1,0,0,1,0,77,1,0,0,Villa Aldobrandini,1,0,0,0,0,0,0,0,0,0,0,0,1,0,0,0,0,0,1,0,0,0,0,0
1241,0,0,0,0,0,1,0,0,0,0,235,0,0,1,0,1,1,0,0,1,0,37,1,1,0,Villa Gregoriana Waterfalls and Grottoes,1,0,1,0,1,0,0,0,0,0,0,0,0,0,0,0,0,0,1,1,1,0,0,0
1248,0,0,0,1,0,0,0,0,0,0,1633,0,0,0,1,1,0,0,0,0,0,117,0,0,0,Cartore al Rifugio Vicenzo Sebastiani,1,0,0,0,0,0,1,0,0,0,0,0,0,0,0,0,0,0,1,0,0,0,1,1
1249,0,1,1,1,0,0,0,0,0,0,694,0,0,0,1,0,0,0,0,0,1,1017,1,0,1,Latina - Lago di Fogliano - Lago Caprolace - Lago di Paola - Terracina,0,0,0,0,0,1,0,0,0,0,1,0,0,0,0,0,0,0,1,0,0,0,1,1
1252,0,1,0,1,0,0,0,0,0,0,429,0,0,0,0,0,0,0,0,0,1,348,1,1,1,Giro della Riserva Selva del Circeo - Lago di Paola,0,0,1,0,1,0,0,0,0,0,0,0,0,0,0,0,0,0,1,0,0,0,1,1
1253,0,0,0,0,0,0,0,0,0,0,551,0,0,1,0,1,1,0,0,0,0,127,1,1,0,Pineta di Monteflavio - Monte Pellecchia,1,0,0,0,0,0,0,0,0,0,0,0,0,0,0,1,0,0,1,0,0,0,0,0
1259,0,0,0,0,0,0,0,0,0,0,913,0,0,1,1,1,0,0,0,0,0,105,1,0,0,Monte Gennaro via La Scarpellata,0,0,1,0,0,0,0,0,0,1,0,0,0,0,0,0,0,0,1,0,0,0,0,1
1261,0,0,0,1,0,0,0,0,0,0,1141,0,0,1,0,0,0,0,0,0,0,333,1,1,1,Rifugio di Camposecco - Campo dell'Osso - Sella di Campaegli,0,0,0,0,0,0,0,0,0,0,0,0,0,0,0,0,0,0,1,0,0,0,1,1
1262,0,0,0,0,0,0,0,0,0,0,1058,0,0,0,1,0,1,0,0,0,1,576,1,0,1,Parco Acquedotti to Monte Cavo MTB,1,0,0,0,0,0,0,0,0,0,0,0,0,0,0,0,0,0,1,1,0,0,0,0
1266,0,0,0,0,0,0,0,0,0,0,561,0,0,1,0,1,0,0,0,0,0,95,1,1,0,Campo Di Segni to Monte Lupone Loop,1,0,0,0,0,0,0,0,0,0,0,0,0,0,0,0,0,0,1,0,0,0,1,0
1271,1,0,0,1,0,0,0,0,0,0,1419,0,0,1,1,1,0,0,0,0,0,385,1,0,1,Camposecco - Monte Autore - Gole di Fosso Fioio,0,0,0,0,0,0,0,0,0,0,0,0,0,0,0,0,0,0,1,0,0,0,1,1
1272,0,0,0,0,0,0,0,0,0,0,576,0,0,1,0,1,0,0,0,0,0,138,1,1,0,Monte La Monna,0,0,1,0,0,0,0,0,0,0,0,0,0,0,0,1,0,0,1,1,0,0,0,0
1279,0,0,0,0,0,0,0,0,0,0,615,0,0,1,0,1,0,0,0,0,0,79,1,1,0,Mount Scalambra via Trail E1,1,0,1,0,0,0,0,0,0,0,0,0,0,0,0,0,0,0,1,0,0,0,1,1
1284,0,0,0,1,0,0,0,0,0,0,634,0,0,0,0,1,0,0,0,0,0,153,1,1,0,Monte Cavo,1,0,1,0,0,0,0,0,0,0,0,0,0,0,0,0,0,0,1,1,0,0,0,0
1292,0,0,0,0,0,0,0,0,0,0,516,0,0,1,0,1,0,0,0,0,1,417,1,1,1,Parco Acquedotti to Lago di Albano,1,0,0,0,0,0,0,0,0,0,0,0,0,0,0,0,0,0,1,1,0,0,0,0
1294,0,0,0,0,0,0,0,0,0,0,308,0,0,1,0,1,1,0,0,0,0,66,1,1,0,Eremo San Silvestro - Madonna delle Grazie,0,0,0,0,1,0,0,0,0,0,0,0,0,0,0,0,0,0,1,0,0,0,0,0
1297,0,0,0,0,0,0,0,0,0,0,903,0,0,0,0,0,0,0,0,0,0,438,0,1,1,Tuscia Trail: Tarquinia - Tuscania,1,0,0,0,0,0,1,0,0,0,0,0,0,0,0,0,0,0,1,0,0,0,0,0
1302,0,0,0,0,0,0,0,0,0,1,518,0,0,0,0,1,0,0,0,0,1,494,1,0,1,Giro del Lago di Bolsena,1,0,0,0,0,0,0,0,0,0,0,0,0,0,0,0,0,0,1,0,0,0,0,0
1304,0,1,0,0,0,0,0,0,0,1,154,0,0,0,0,0,0,0,0,0,0,328,1,0,1,Parco urbano Pineta di Castel Fusano e la costa,1,0,0,0,0,0,0,0,0,0,0,0,1,0,0,0,0,0,1,0,0,0,0,0
1313,0,0,0,0,0,0,1,0,0,1,136,0,0,0,0,1,0,0,0,1,0,21,1,0,0,Civita di Bagnoregio,0,0,1,0,0,0,0,0,0,0,0,0,0,0,0,0,0,0,0,1,0,0,0,0
1320,1,0,0,0,1,0,0,0,0,0,1042,0,0,1,0,1,0,0,0,0,0,98,1,1,0,Settefrati - Forca Resuni,1,0,1,0,0,0,0,0,0,1,0,0,0,0,0,0,0,0,1,0,0,0,1,1
1324,0,0,0,0,0,0,0,0,0,1,592,0,0,1,0,1,1,0,0,1,0,56,0,0,0,Lungofiume Genazzano - Capranica Prenestina,1,0,0,0,0,0,1,0,0,1,0,0,0,0,0,0,0,0,0,1,0,0,0,0
1329,0,0,1,0,0,0,0,0,0,0,8082,0,0,1,1,0,1,0,0,0,0,8554,0,0,1,Roma a Santiago via Francigena: Roma a Montgenevro,0,0,0,0,1,0,1,0,0,1,0,0,0,0,0,0,0,0,1,0,0,0,1,1
1331,0,0,0,0,0,0,0,0,0,0,950,0,0,1,1,1,1,0,0,0,0,269,1,0,1,Santuario della Mentorella Loop,1,0,0,0,0,0,0,0,0,0,0,0,0,0,0,0,0,0,1,0,0,0,0,0
1337,0,0,0,0,0,0,0,0,0,0,1024,0,0,1,0,0,0,0,0,0,1,344,1,1,1,Lago di Vico - Canepina,1,0,0,0,0,0,0,0,0,0,0,0,0,0,0,0,0,0,1,0,0,0,0,0
1338,0,0,0,1,0,0,0,0,0,0,294,0,0,1,0,1,0,0,0,0,0,60,1,1,0,Monte Soratte - Casaccia dei Ladri,1,0,0,0,0,0,0,0,0,0,0,0,1,0,0,0,0,0,1,0,0,0,1,1
1347,0,0,0,1,0,0,0,0,0,0,743,0,0,1,0,0,0,0,0,0,1,291,1,1,1,Due Vette dei Castelli Romani: Monte Cavo - Maschio delle Faete,0,0,0,0,0,0,0,0,0,0,0,0,0,0,0,0,0,0,1,0,0,0,1,1
1354,1,0,0,0,1,1,0,0,0,0,1299,0,0,1,0,0,0,0,0,0,0,327,1,1,1,Meta - Rifugio Cerasoli - Rifugio Femmina Morta - Rifugio Tassari,1,0,0,0,1,0,0,0,0,1,0,0,0,0,0,0,0,0,1,0,0,0,1,1
1357,0,0,1,1,0,0,0,0,0,0,149,0,0,0,0,1,0,0,0,1,0,159,1,1,1,Lungo Tevere Torrita Tibertina,1,0,1,0,1,0,0,0,0,1,1,0,1,0,0,0,0,0,1,0,0,0,1,1
1361,0,0,0,1,0,0,0,0,0,1,25,0,0,0,0,0,0,0,0,1,0,45,1,0,0,Caffarella Park Nature Trail,1,0,1,0,0,0,0,0,0,0,0,0,0,0,0,0,0,0,0,1,0,0,0,0
1362,0,0,0,1,0,0,0,0,0,0,2837,1,0,1,1,0,0,0,0,0,0,698,1,0,1,Marathon dei Monti Lucretili 2019,1,0,0,0,0,0,0,0,0,0,0,0,0,0,0,0,0,0,1,0,0,0,1,1
1363,0,0,0,1,0,0,0,0,0,0,1594,0,0,1,0,0,0,0,0,0,0,341,1,1,1,Monte Pellecchia,1,0,0,0,0,0,0,0,0,0,0,0,0,0,0,0,0,0,1,0,0,0,1,1
1368,0,0,0,0,0,0,0,0,0,0,1005,0,0,0,0,1,0,0,0,0,0,253,1,1,1,Nemi e la via Sacra,1,0,0,0,0,0,0,0,0,0,0,0,0,0,0,0,0,0,1,0,0,0,0,0
1369,0,0,0,0,0,0,0,0,0,0,1141,0,0,1,0,1,0,0,0,0,0,241,1,1,1,Colle di Piscignola - Monte Nuria - Colle delle Macchie,1,0,0,0,1,0,0,0,0,0,0,0,0,0,0,0,0,0,1,0,0,0,1,1
1373,0,0,0,0,0,0,0,0,0,0,892,0,0,1,1,1,0,0,0,0,0,85,1,0,0,Monte Passeggio,1,0,1,0,0,0,0,0,0,0,0,0,0,0,0,0,0,0,1,0,0,0,0,0
1374,0,0,0,0,0,0,0,0,0,0,234,0,0,0,0,1,0,0,0,0,0,193,0,1,0,Parco della Cafarrella - Parco Naturale Regionale Appia Antica - Garbatella,1,0,0,0,1,0,1,0,0,0,0,0,0,0,0,0,0,0,0,0,0,0,0,0
1382,0,0,0,0,0,0,0,0,0,0,462,0,0,0,0,1,0,0,0,0,1,240,1,1,0,Via Piana Del Pero,1,0,0,0,0,0,0,0,0,0,0,0,0,0,0,0,0,0,1,0,0,0,0,0
1385,0,0,0,0,0,0,0,0,0,0,320,0,0,1,0,1,0,0,0,0,0,116,1,1,0,Pian Sultano,1,0,0,0,0,0,0,0,0,0,0,0,0,0,0,0,0,0,1,0,0,0,0,0
1391,0,0,0,0,0,0,0,0,0,0,732,0,0,0,0,1,0,0,0,0,0,304,1,1,1,Manziana,1,0,0,0,0,0,0,0,0,0,0,0,0,0,0,0,0,0,1,0,0,0,0,0
1394,0,0,0,0,0,0,0,0,0,0,600,0,0,1,0,1,0,0,0,0,0,132,1,1,0,Monte Tancia,1,0,0,0,0,0,0,0,0,0,0,0,0,0,0,0,0,0,1,0,0,0,1,0
1397,0,0,0,0,0,0,0,0,0,0,1127,0,0,1,0,0,0,0,0,0,0,346,1,1,1,Cervara - Monte Autore - Livata,0,0,0,0,0,0,0,0,0,0,0,0,0,0,0,0,0,0,1,0,0,0,0,1
1398,0,0,1,0,0,0,0,0,0,0,734,0,0,0,0,0,1,0,0,0,0,333,1,1,1,Villa Pamphilj - Parco Pineto - Monte Mario,0,0,0,0,1,0,0,0,0,1,1,0,0,0,0,0,0,0,0,0,0,0,0,0
1403,0,0,0,0,0,0,0,0,0,0,589,0,0,0,0,0,0,0,0,0,0,249,1,1,1,Monte Cavo via Via Vicinale Delle Faete,1,0,0,0,0,0,0,0,0,0,0,0,0,0,0,0,0,0,1,0,0,0,0,0
1407,0,0,0,0,0,0,0,0,0,0,333,0,0,1,0,1,0,0,0,0,0,68,1,1,0,Giro di Soriano,1,0,0,0,0,0,0,0,0,0,0,0,1,0,0,0,0,0,0,0,0,0,0,1
1414,0,0,0,0,0,0,0,0,0,0,430,0,0,0,0,1,0,0,0,1,0,69,1,1,0,Palombara Sabina To Monte Gennaro Loop,0,0,0,0,0,0,0,0,0,0,0,0,0,0,0,0,0,0,1,1,0,0,0,0
1417,0,0,0,0,0,0,0,0,0,0,766,0,0,0,0,0,0,0,0,0,0,283,1,1,1,Volcano Mountain Bike Loop,1,0,0,0,0,0,0,0,0,0,1,0,0,0,0,0,0,0,1,0,0,0,0,0
1422,0,0,0,0,0,0,0,0,0,0,495,0,0,1,0,1,0,0,0,0,1,119,1,1,0,Accumoli - Forca dei Copelli - Forca dei Pantani,1,0,1,0,1,0,0,0,0,0,0,0,1,0,0,0,0,0,1,0,0,0,0,0
1425,1,0,0,1,0,0,0,0,1,0,761,0,0,1,1,1,0,0,0,0,0,135,1,0,0,Monte Lupone from Rocca Massima,1,0,1,0,0,0,0,0,0,0,0,0,1,0,0,0,0,0,1,1,0,0,0,0
1427,0,1,0,0,0,0,0,0,0,0,1066,0,0,0,0,1,0,0,0,0,0,412,1,1,1,Tra Santa Marinella e la Tolfaccia,1,0,0,0,0,0,0,0,0,0,0,0,0,0,0,0,0,0,1,0,0,0,0,0
1430,0,0,0,0,0,0,0,0,0,0,792,0,0,1,0,0,0,0,0,0,1,179,1,1,1,"Trevignano Romano Trails - Rocca Romana, Whip, Sparrow, and Buzzard",1,0,0,0,0,0,0,0,0,0,0,0,0,0,0,0,0,0,1,0,0,0,1,0
1433,0,0,0,1,0,0,0,0,1,0,1172,0,0,0,0,0,0,0,0,0,0,671,1,1,1,Anello Riserva del Tevere e Monte Soratte,1,0,0,0,0,0,0,0,0,1,0,0,0,0,0,0,0,0,1,0,0,0,1,1
1434,0,0,0,0,0,0,0,0,0,0,611,0,0,0,0,0,1,0,0,0,0,319,1,1,1,Giro per i Castelli Romani,1,0,0,0,0,0,0,0,0,0,0,0,0,0,0,0,0,0,1,0,0,0,0,0
1439,1,0,0,0,0,1,0,0,0,0,412,0,0,0,0,1,0,1,1,0,0,174,1,1,1,Canale Bassa,1,0,0,0,0,0,0,0,0,1,0,0,1,0,0,0,0,0,1,1,0,0,0,0
1442,0,0,0,0,0,0,1,0,1,0,320,0,0,1,0,1,1,0,0,1,0,163,1,1,0,Cascata di San Vittorino,1,0,1,0,0,1,0,0,0,1,0,0,0,0,0,0,0,0,0,1,1,0,0,0
1445,0,0,0,0,0,0,0,0,1,0,417,0,0,1,0,1,0,1,0,0,1,238,1,1,1,Lago di Vico,1,0,0,0,0,0,0,0,0,0,0,0,0,0,0,0,0,0,1,1,0,0,1,1
1452,0,0,0,0,0,0,0,0,0,1,315,0,0,0,0,1,1,0,0,0,0,60,1,0,0,Sentiero Sbote - Mancinella,0,0,1,0,0,0,0,0,0,0,0,0,0,0,0,0,0,0,1,0,0,0,0,0
1455,0,0,0,1,0,0,0,0,0,0,1044,0,0,1,1,1,0,0,0,0,0,190,1,0,0,Monte Gennaro from Licenza,1,0,1,0,0,0,0,0,0,0,0,0,0,0,0,0,0,0,1,0,0,0,1,1
1456,0,0,0,0,0,0,0,0,0,0,350,0,0,1,0,1,0,0,0,0,0,80,1,1,0,Cima Casarene,0,0,1,0,0,0,0,0,0,1,0,0,0,0,0,0,0,0,1,0,0,0,0,0
1458,0,0,0,0,0,0,0,0,0,0,700,0,0,1,1,1,0,0,0,0,0,108,1,0,0,Monte Viglio,1,0,1,0,0,0,0,0,0,0,0,0,0,0,0,1,0,0,1,0,0,0,0,0
1459,1,0,0,0,0,0,0,0,0,0,1144,0,0,0,1,1,0,0,0,0,0,303,1,0,0,Faete Basse Loop,1,0,0,0,0,0,0,0,0,0,0,0,0,0,0,0,0,0,1,0,0,0,0,0
1461,0,0,0,0,0,0,0,0,0,0,1281,0,0,0,1,0,0,0,0,0,0,356,1,0,1,Laghetti Percile,1,0,0,0,0,0,0,0,0,0,0,0,0,0,0,0,0,0,1,0,0,0,0,0
1465,0,0,0,0,0,0,0,0,0,0,244,0,0,1,0,1,0,0,0,0,0,61,1,1,0,"Brecciaro, Guardia Orlando, Acquedotto",1,0,0,0,0,0,0,0,0,0,0,0,1,0,0,0,0,0,0,1,0,0,0,0
1466,0,0,0,0,0,0,0,0,0,1,190,0,0,1,0,0,0,0,0,0,0,79,1,0,1,Gattaceca XC,0,0,0,0,0,0,0,0,0,0,0,0,0,0,0,0,0,0,1,0,0,0,0,0
1469,0,0,0,0,0,0,0,0,0,0,423,0,0,1,0,1,1,0,0,0,0,127,1,1,1,Villa Aldobrandini - Monte Tuscolo - Cisterna Romana,0,0,0,0,1,0,0,0,0,0,0,0,0,0,0,0,0,0,1,0,0,0,1,0
1476,0,0,0,0,0,0,0,0,0,0,815,0,0,0,1,1,0,0,0,0,0,182,1,0,0,Livata to Campaegli Hike,0,0,1,0,0,0,0,0,0,0,0,0,0,0,0,0,0,0,1,0,0,0,0,0
1477,0,0,1,0,0,0,1,0,0,0,223,0,0,0,0,0,1,0,0,0,0,264,0,1,0,Pista Ciclabile del Tevere,0,0,0,0,0,1,1,0,0,1,1,0,1,0,0,0,0,0,1,1,0,0,0,0
1482,0,0,0,1,0,0,0,0,0,0,641,0,0,1,0,1,0,0,0,0,0,167,1,1,0,I Monti Tiburtini,1,0,0,0,0,0,0,0,0,0,0,0,0,0,0,0,0,0,1,0,1,0,1,1
1485,0,0,0,0,0,0,0,0,0,0,271,0,0,0,0,1,0,0,0,0,0,58,1,1,0,Monte Guadagnolo,1,0,0,0,1,0,0,0,0,0,0,0,0,0,0,0,0,0,1,0,0,0,0,0
1490,0,0,0,1,0,0,1,0,1,1,68,0,0,0,0,0,1,0,0,1,0,64,0,0,0,Colli Albani - Garbatella,0,0,0,0,0,0,1,0,0,0,0,0,1,0,0,0,0,0,0,1,0,0,0,0
1493,0,0,0,0,0,0,0,0,0,0,1351,0,0,0,0,0,0,0,0,0,0,687,1,1,1,Orte Scalo - Otricoli - Narni,1,0,0,0,0,0,0,0,0,0,0,0,0,0,0,0,0,0,1,0,0,0,0,0
1494,0,1,1,1,0,0,0,0,0,0,358,0,0,0,0,0,1,0,0,0,0,542,0,1,1,La Regina Ciclarum (Villa Ada - Fiumicino),0,0,0,0,1,0,1,0,0,1,1,0,0,0,0,0,0,0,1,0,0,0,0,0
1495,0,0,0,1,0,0,0,0,0,0,547,0,0,1,0,1,0,0,0,0,0,105,1,1,0,Rifugio Cognolo via Fabioman Pass,1,0,1,0,0,0,0,0,0,0,0,0,0,0,0,0,0,0,1,0,0,0,1,1
1500,0,0,0,0,0,0,0,0,0,0,1227,0,0,1,1,1,0,0,0,0,0,154,1,0,0,Pizzo di Moscio,0,0,1,0,0,0,0,0,0,0,0,0,0,0,0,0,0,0,1,0,0,0,1,1
1507,0,0,0,1,0,0,0,0,0,1,63,0,0,1,0,1,0,0,0,1,0,19,1,0,0,Cascate Monte Gelato,0,0,1,0,0,0,0,0,0,1,0,0,0,0,0,0,0,0,1,1,1,0,1,1
1512,0,1,0,1,0,0,0,0,0,1,0,0,0,0,0,1,1,0,0,1,0,48,1,0,0,Monte Guardia - Punta del Fieno,0,0,0,0,0,0,0,0,0,0,0,0,0,0,0,0,0,0,1,0,0,0,1,1
1513,0,0,1,0,0,0,0,0,0,0,692,0,0,0,0,0,0,0,0,0,1,412,1,1,1,Labico - Lago di Giulianello,1,0,0,0,1,0,0,0,0,0,1,0,0,0,0,0,0,0,1,0,0,0,0,0
1519,0,0,0,0,0,0,0,0,0,0,1288,0,0,1,0,1,0,0,0,0,0,95,0,1,0,Trevi nel Lazio - Piazzale Monti Ernici,1,0,0,0,0,0,1,0,0,0,0,0,0,0,0,0,0,0,1,0,0,0,0,1
1520,0,0,0,0,0,0,0,0,0,1,376,0,0,0,0,0,1,0,0,0,0,299,1,0,0,Anello Ferroviario,0,0,0,0,0,1,0,0,0,0,1,0,0,0,0,0,0,0,1,0,0,0,0,0
1521,0,1,0,1,0,0,0,0,0,1,0,0,0,0,0,1,1,0,0,1,0,40,1,0,0,Faro della Guardia - Monte Guardia,1,0,1,0,0,0,0,0,0,0,0,0,0,0,0,0,0,0,1,0,0,0,1,1
1524,1,0,0,1,0,0,0,0,0,0,1324,0,0,1,1,1,0,0,0,0,1,156,1,0,0,Cartore - Lago della Duchessa - Cima Zis - Monte Morrone,1,0,1,0,0,0,0,0,0,0,0,0,0,0,0,0,0,0,1,0,0,0,1,1
1529,0,0,0,0,0,0,0,0,0,1,61,0,0,1,0,1,0,0,0,0,0,13,1,0,0,Fiume Turania,1,0,1,0,0,0,0,0,0,0,0,0,0,0,0,0,0,0,1,0,1,0,1,0
1533,0,0,0,0,0,0,0,0,0,1,44,0,0,1,0,0,0,0,0,1,0,19,1,0,0,Villa Glori,1,0,0,0,0,0,0,0,0,0,0,0,0,0,0,0,0,0,1,1,0,0,0,0
1535,0,0,0,1,0,0,0,0,0,0,1230,0,0,0,0,1,1,0,0,0,1,386,1,1,1,"Monte Cavo, Monte Serapullero, and Lake Albano",1,0,0,0,0,0,0,0,0,0,0,0,0,0,0,0,0,0,1,1,0,0,0,0
1537,0,0,1,0,0,0,0,0,0,0,1490,0,0,0,0,0,0,0,0,0,0,459,1,1,0,San Vittorino - Guadagnolo,1,0,0,0,1,0,0,0,0,0,0,0,0,0,0,0,0,0,1,0,0,0,0,0
1539,1,0,0,0,1,0,0,0,0,0,1071,0,0,1,1,1,0,0,0,0,0,229,0,0,1,Monte Livata - Monte Autore - Colle della Tagliata - Campo Staffi,1,0,0,0,1,0,1,0,0,0,0,0,0,0,0,1,0,0,1,0,0,0,1,1
1540,0,0,0,0,0,0,0,0,0,0,906,0,0,1,1,1,0,0,0,0,0,109,1,0,0,Monte Nuria,0,0,0,0,0,0,0,0,0,0,0,0,0,0,0,0,0,0,1,0,0,0,0,0
1542,0,0,0,1,0,0,0,0,0,0,330,0,0,1,0,1,0,0,0,0,0,64,1,1,0,Monte Follettoso via Trails 304 and 305,1,0,1,0,0,0,0,0,0,0,0,0,0,0,0,0,0,0,1,0,0,0,1,1
1546,0,0,0,1,0,0,0,0,0,0,792,0,0,1,0,0,0,0,0,0,1,447,1,1,1,Lago Bracciano - Cascate Monte Gelato,0,0,0,0,0,0,0,0,0,1,0,0,0,0,0,0,0,0,1,0,1,0,1,1
1549,0,0,0,0,0,0,0,0,0,1,274,0,0,1,0,1,0,0,0,0,0,80,1,0,0,Lariano - Fonte Donzelletta,1,0,0,0,0,0,0,0,0,0,0,0,0,0,0,0,0,0,1,1,0,0,1,1
1551,0,0,0,0,0,0,0,0,0,0,385,0,0,1,1,1,0,1,0,0,0,156,1,0,1,Fosso della Mola - Valle Vittoria,0,0,0,0,0,0,0,0,0,1,0,0,0,0,0,0,0,0,1,0,1,0,0,0
1552,0,0,0,0,0,0,0,0,0,0,1301,0,0,1,1,1,0,0,0,0,0,134,1,0,0,Pizzo Deta from Rendinara,0,0,1,0,0,0,0,0,0,0,0,0,0,0,0,1,0,0,1,0,0,0,0,0
1554,0,0,0,0,0,0,0,1,0,0,719,0,0,1,0,1,0,0,0,0,0,69,1,1,0,Vallonina - Vetta Sassetelli,0,0,1,0,0,0,0,0,0,0,0,0,0,0,0,1,0,0,1,0,0,0,0,0
1555,0,0,0,1,0,0,0,0,0,0,976,0,0,1,0,0,0,1,0,0,1,505,1,1,1,Cerveteri - Manziana Casale delle Pietrische,0,0,0,0,1,0,0,0,0,1,0,0,0,0,0,0,0,0,1,0,1,0,1,1
1556,0,0,0,0,0,0,0,0,0,0,1590,0,0,1,1,1,0,0,0,0,0,264,1,0,0,Anello Lapini Nord,0,0,0,0,0,0,0,0,0,0,0,0,0,0,0,0,0,0,1,0,0,0,0,1
1559,0,0,0,0,0,0,0,0,0,0,1062,0,0,0,1,1,0,0,0,0,0,164,1,0,1,Valle Amara e Sentiero dei Pastori,0,0,0,0,0,0,0,0,0,0,0,0,0,0,0,0,0,0,1,0,0,0,1,0
1560,0,0,0,1,0,0,0,0,0,0,830,0,0,1,0,0,0,0,0,0,0,275,1,1,1,Poggio Felcioso - Poggio Freddara,0,0,0,0,1,0,0,0,0,1,0,0,0,0,0,0,0,0,1,0,0,0,1,1
1565,0,0,0,0,0,0,0,0,0,1,134,0,0,0,0,1,0,0,0,0,0,24,1,0,0,Gole del Farfa,1,0,1,0,0,0,0,0,0,1,0,0,0,0,0,0,0,0,0,0,0,0,0,0
1568,0,0,0,0,0,0,0,0,0,0,1573,0,0,1,1,0,0,0,0,0,1,444,1,0,1,Lago Albano - Monte Cavo - Monte Tuscolo,1,0,1,0,0,0,0,0,0,0,0,0,0,0,0,0,0,0,1,0,0,0,1,1
1569,0,0,0,1,0,1,0,0,0,0,274,0,0,1,0,0,1,0,0,1,0,103,1,1,0,Cascate Monte Gelato - Mazzano Romano,0,0,0,0,1,0,0,0,0,1,0,0,1,0,0,0,0,0,1,0,1,0,1,1
1573,1,0,0,1,0,0,0,0,0,0,372,0,0,1,0,1,0,0,0,0,1,140,1,1,1,Lagustelli di Percile,1,0,0,0,1,0,0,0,0,1,0,0,0,0,0,0,0,0,1,0,0,0,1,1
1577,0,0,0,0,0,0,0,0,0,0,382,0,0,1,0,1,0,0,0,0,0,66,1,1,0,Vicovaro - Sentiero 304 - Via della Forcella,1,0,0,0,0,0,0,0,0,0,0,0,1,0,0,0,0,0,1,0,0,0,0,0
1578,0,0,0,0,0,0,0,0,0,0,710,0,0,1,0,1,0,0,0,0,0,163,0,1,0,Labro to Greccio Santuario,1,0,0,0,1,0,1,0,0,0,0,0,0,0,0,0,0,0,1,0,0,0,0,0
1581,0,0,0,1,0,1,0,0,0,0,991,0,0,1,1,1,0,0,0,0,0,132,1,0,0,Prati di Mezzo - Monte Meta - Monte a Mare - Cima Campaglione,1,0,0,0,0,0,0,0,0,0,0,0,0,0,0,1,0,0,1,0,0,0,1,1
1584,0,0,0,0,0,0,0,0,0,1,58,0,0,0,0,1,1,0,0,0,0,71,1,0,0,Rocca Orsini - Via di Pratolungo,0,0,1,0,0,1,0,0,0,0,0,0,0,0,0,0,0,0,1,1,0,0,0,0
1587,0,0,0,1,0,0,0,0,0,0,1035,0,0,1,0,1,0,0,0,0,0,208,1,1,0,Stazzano - Can Pirelli - Monte la Guardia,1,0,0,0,0,0,0,0,0,0,0,0,1,0,0,0,0,0,1,0,0,0,1,1
1590,0,0,1,0,0,0,0,0,0,0,948,0,0,0,0,0,0,0,0,0,1,457,0,1,0,Lago di Bracciano - Lago Vico,1,0,0,0,0,1,1,0,0,0,0,0,0,0,0,0,0,0,1,0,0,0,1,1
1593,0,0,0,0,0,0,0,0,0,0,867,0,0,1,0,1,0,0,0,0,0,177,1,1,0,Fonte Nocella - Area del Crognale - Monte Pellecchia,1,0,0,0,0,0,0,0,0,1,0,0,1,0,0,0,0,0,1,0,0,0,1,0
1594,0,0,1,0,0,0,0,0,0,0,950,0,0,0,1,0,0,0,0,0,0,208,1,0,0,Monte Scalambra,1,0,1,0,0,0,0,0,0,0,1,0,0,0,0,0,0,0,1,0,0,0,0,0
1597,0,0,0,1,0,0,0,0,0,0,981,0,0,1,0,0,1,0,0,0,0,298,1,1,1,Monte Tuscolo - Maschio delle Faete - Monte Cavo,0,0,0,0,0,0,0,0,0,0,0,0,0,0,0,0,0,0,1,0,0,0,1,1
1598,0,0,0,0,0,0,0,0,0,0,435,0,0,1,0,1,0,0,0,0,0,64,1,1,0,Monte Doro,0,0,1,0,0,0,0,0,0,0,0,0,0,0,0,0,0,0,1,0,0,0,0,0
1601,0,0,0,0,0,0,0,0,0,1,966,0,0,0,0,0,0,0,0,0,0,660,1,0,0,Roma - Sacrofano in Bici,1,0,0,0,0,1,0,0,0,1,1,0,0,0,0,0,0,0,1,0,0,0,0,0
1602,0,0,0,0,0,0,0,0,0,0,1513,0,0,1,0,0,1,0,0,0,0,412,1,1,1,Castello di Sermoneta - Semprevisa - Camporosello,0,0,0,0,1,0,0,0,0,1,0,0,0,0,0,0,0,0,1,0,0,0,0,0
1603,0,0,0,0,0,0,0,0,0,0,1394,0,0,1,1,0,0,0,0,0,0,472,1,0,1,Caira - Sant'Elia Fiumerapido - Campo Pagliuolo,1,0,0,0,0,0,0,0,0,1,0,0,0,0,0,0,0,0,1,0,0,0,1,1
1606,0,0,0,0,0,1,0,0,0,0,417,0,0,1,0,1,1,0,0,0,0,85,1,1,0,Roccantica - Revotano,1,0,0,0,0,0,0,0,0,1,0,0,0,0,0,0,0,0,1,0,0,0,1,1
1608,0,0,0,0,0,0,0,0,0,0,1350,0,0,1,1,1,0,0,0,0,0,143,1,0,1,Monte di Cambio,0,0,1,0,0,0,0,0,0,0,0,0,0,0,0,0,0,0,1,0,0,0,0,0
1609,1,0,0,0,0,0,0,0,0,0,734,0,0,1,0,1,0,0,0,0,1,140,0,1,0,"Cammino delle Terre Mutate, Segment 11: Amatrice - Campotosto",1,0,0,0,0,0,1,0,0,0,0,0,0,0,0,0,0,0,1,0,0,0,1,0
1612,0,0,0,0,0,0,0,1,0,0,756,0,0,1,0,1,0,0,0,0,0,126,1,1,0,Rifugio Vallonina - Colle Leprino - Passo del Lupo,1,0,0,0,1,0,0,0,0,1,0,0,0,0,0,0,0,0,1,0,0,0,1,1
1613,0,1,0,1,0,1,1,0,0,1,0,0,0,0,0,1,1,0,0,1,0,21,1,0,0,Punta Incenso - Cala Cecata,0,0,1,0,1,0,0,0,0,0,0,0,0,0,0,0,0,0,1,1,0,0,1,1
1618,1,0,0,1,0,0,0,0,0,0,753,0,0,1,0,1,0,0,0,0,0,185,0,1,0,"Cammino delle Terre Mutate, Segment 10: Accumoli - Amatrice",1,0,0,0,0,0,1,0,0,1,0,0,0,0,0,0,0,0,1,0,0,0,1,1
1620,0,0,0,0,0,0,0,0,0,0,2310,0,0,1,1,0,1,0,0,0,1,782,0,0,1,Lago del Salto - Alta Sabina - Lago del Turano,0,1,0,0,1,0,1,0,0,1,0,0,0,0,0,0,0,0,1,0,0,0,0,0
1623,0,0,0,0,0,0,1,0,1,0,294,0,0,0,0,1,1,0,0,1,0,151,1,1,0,Antica Tarkna Etrusca,0,0,0,0,0,0,0,0,0,0,0,0,0,0,0,0,0,0,1,0,0,0,0,0
1626,0,0,1,0,0,0,0,0,0,0,527,0,0,0,0,0,0,0,0,0,0,615,0,1,0,Bracciano - Roma,1,0,0,0,0,1,1,0,0,0,0,0,0,0,0,0,0,0,1,0,0,0,1,0
1629,0,0,0,0,0,0,0,0,0,0,1068,0,0,0,0,0,0,0,0,0,0,916,0,1,0,Roma - Civitavecchia,1,0,0,0,0,1,1,0,0,1,1,0,0,0,0,0,0,0,1,0,0,0,1,0
1632,0,0,0,0,0,0,1,0,0,1,30,0,0,0,0,0,0,0,0,0,1,26,1,0,0,Laghetto Eur,1,0,0,0,0,0,0,0,0,0,0,0,1,0,0,0,0,0,0,1,0,0,0,0
1633,0,0,0,0,0,0,0,0,0,0,2187,0,0,1,1,0,0,0,0,0,1,1053,1,0,0,Bolsena to Corbara Lake Cycling Route,0,0,0,0,0,1,0,0,0,0,1,0,0,0,0,0,0,0,1,0,0,0,0,0
1636,0,0,0,1,0,0,0,0,0,0,558,0,0,0,0,0,0,0,0,0,0,232,1,1,1,Sutri - Bassano Romano,0,0,0,0,1,0,0,0,0,0,0,0,0,0,0,0,0,0,1,0,0,0,1,1
1637,0,0,0,1,0,0,0,0,0,0,1864,0,0,1,1,0,0,0,0,0,1,512,1,0,1,Civitella di Licenza - Pellecchia - Lagustelli di Percile,0,0,0,0,1,0,0,0,0,1,0,0,0,0,0,0,0,0,1,0,0,0,1,1
1638,0,0,0,1,0,0,0,0,0,1,75,0,0,1,0,1,1,0,0,1,0,39,1,0,0,Tomba Di Gottimo via Sentiero degli Etruschi,0,0,0,0,0,0,0,0,0,0,0,0,1,0,0,0,0,0,1,1,0,0,1,1
1639,0,0,0,0,0,0,0,0,1,1,349,0,0,1,0,1,0,0,0,1,0,95,1,0,0,Laghetto Volubro - Fiuggi,0,0,1,0,1,0,0,0,0,0,0,0,0,0,0,0,0,0,1,1,0,0,1,1
1640,0,0,0,0,0,0,0,0,0,1,23,0,0,1,0,1,0,0,0,1,0,23,1,0,0,Sentiero Natura Selva del Lamone,1,0,0,0,0,0,0,0,0,0,0,0,1,0,0,0,0,0,1,1,0,0,1,1
1641,0,0,0,1,0,0,0,0,0,0,90,0,0,1,0,1,0,0,0,1,0,43,1,1,0,Lacioni - Pila di Rosa Crepante,0,0,0,0,0,0,0,0,0,0,0,0,1,0,0,0,0,0,1,0,0,0,1,1
1642,0,0,0,1,0,0,0,0,1,0,99,0,0,1,0,1,1,0,0,1,0,56,1,1,0,Selva del Lamone: Rofalco,0,0,0,0,0,0,0,0,0,0,0,0,1,0,0,0,0,0,1,0,0,0,1,1
1643,0,0,0,1,0,0,0,0,0,1,37,0,0,1,0,1,0,0,0,1,0,18,1,0,0,Casali a San Pantaleo,0,0,1,0,0,0,0,0,0,0,0,0,1,0,0,0,0,0,1,1,0,0,1,1
1644,0,0,0,1,0,0,0,0,0,0,105,0,0,1,0,1,0,0,0,1,0,58,1,1,0,Selva del Lamone Sentiero 12,0,0,0,0,0,0,0,0,0,0,0,0,1,0,0,0,0,0,1,0,0,0,1,1
1645,0,0,0,1,0,0,0,0,0,0,461,0,0,1,0,1,0,0,0,0,0,97,1,1,0,Stazzano - Pozzo Badino - Monte le Ferule,1,0,1,0,0,0,0,0,0,0,0,0,1,0,0,0,0,0,1,0,0,0,1,1
1647,0,0,0,0,0,1,0,0,0,0,579,0,0,1,0,1,0,0,0,0,0,145,1,1,0,Cimitero Terracina - Monte Cervaro - Grotta delle Donne,1,0,0,0,0,0,0,0,0,0,0,0,0,0,0,0,0,0,1,0,0,0,1,1
1648,0,0,0,0,0,0,0,0,0,0,1869,0,0,0,0,0,0,0,0,0,0,605,0,1,0,Orvinio - Scandriglia,1,1,0,0,0,0,1,0,0,0,0,0,0,0,0,0,0,0,1,0,0,0,0,0
1649,0,0,1,0,0,0,0,0,0,0,1979,0,0,1,1,0,1,0,0,0,0,967,1,0,1,San Vittorino - Tivoli - Guadagnolo - Palestrina,0,0,0,0,1,0,0,0,0,0,0,0,0,0,0,0,0,0,1,0,0,0,0,0
1650,0,1,0,1,0,0,0,0,0,1,0,0,0,0,0,1,0,0,0,1,0,29,1,0,0,Punta Incenso - Piana e Punta dell'Incenso,1,0,0,0,0,0,0,0,0,0,0,0,0,0,0,0,0,0,1,0,0,0,1,1
1655,0,0,0,0,0,0,0,0,0,0,721,0,0,0,0,1,0,0,0,0,0,114,1,1,0,Il Baraccone - Monte a Mare - Valico della Crocetta,0,0,0,0,0,0,0,0,0,0,0,0,0,0,0,1,0,0,1,0,0,0,0,0
1656,1,0,0,0,0,0,0,1,1,1,388,0,0,1,0,1,0,0,0,0,0,56,1,0,0,Rifugio Maiolica - Monte Cambio,1,0,1,0,0,0,0,0,0,0,0,0,0,0,0,1,0,0,1,0,0,0,0,0
1657,0,0,0,1,0,0,0,1,1,0,726,0,0,1,0,1,0,0,0,0,0,89,1,1,0,Monte La Metuccia,1,0,0,0,0,0,0,0,0,0,0,0,0,0,0,1,0,0,1,0,0,0,1,1
1658,0,0,0,0,0,0,0,0,0,0,919,0,0,1,0,1,0,0,0,0,0,117,1,1,0,Campitellino via Valle delle Cascate,1,0,1,0,0,0,0,0,0,0,0,0,1,0,0,0,0,0,1,0,0,0,1,1
1659,1,0,0,0,0,0,0,0,0,0,2001,0,0,1,1,0,0,0,0,0,1,1072,1,0,1,Monte Rocca - Canale Monterano - Trevignano Romano - Anguillara Sabazia,1,0,0,0,1,0,0,0,0,0,0,0,0,0,0,0,0,0,1,0,0,0,1,1
1660,0,0,0,0,0,0,0,0,0,0,599,0,0,1,0,1,0,0,0,0,0,100,1,1,0,Il Baraccone - Monte Cavallo,1,0,0,0,0,0,0,0,0,0,0,0,0,0,0,0,0,0,1,0,0,0,0,0
1661,0,0,0,0,0,0,0,0,0,0,1794,0,0,1,0,0,0,0,0,0,1,703,1,1,1,Monte Rocca Romana - San Benedetto - Monte Fogliano,0,0,0,0,1,0,0,0,0,0,0,0,0,0,0,0,0,0,1,0,0,0,0,0
1664,0,1,1,1,0,0,0,0,0,0,134,0,0,0,0,0,0,0,0,0,0,344,0,1,1,Fiumicino - Ladispoli,0,0,0,0,0,1,1,0,0,0,0,0,0,0,0,0,0,0,1,0,0,0,1,1
1665,0,1,0,0,0,0,0,0,0,1,0,0,0,0,0,1,0,0,0,1,0,16,1,0,0,Monte Schiavone,1,0,1,0,0,0,0,0,0,0,0,0,0,0,0,0,0,0,1,1,0,0,1,1
1666,0,0,0,0,0,0,0,0,0,0,245,0,0,1,0,1,0,0,0,0,0,172,0,1,1,Campo dell'Osso - Morra - Subiaco,0,0,0,0,1,0,1,0,0,0,0,0,0,0,0,0,0,0,1,0,0,0,1,1
1669,0,0,0,1,0,0,0,0,0,0,1448,0,0,1,1,0,0,0,0,0,0,410,1,0,1,Moricone - Monti Lucretili - Monte Pellecchia,0,0,1,0,1,0,0,0,0,0,0,0,0,0,0,0,0,0,1,0,0,0,1,1
1670,0,0,1,0,0,0,0,0,0,0,505,0,0,1,0,0,1,0,0,0,0,219,0,1,1,Vicovaro - Osteria della Spiaggia - Roviano,1,0,0,0,0,1,1,0,0,1,1,0,0,0,0,0,0,0,1,0,0,0,1,0
1671,1,0,0,1,0,0,0,0,0,0,1396,0,0,1,1,1,0,0,0,0,0,151,1,0,0,Cimata di Macchia Triste - Murolungo,1,0,1,0,0,0,0,0,0,0,0,0,0,0,0,0,0,0,1,0,0,0,1,1
1672,0,0,0,1,0,0,0,0,0,0,578,0,0,1,0,0,0,0,0,0,0,164,1,1,1,Moricone - Colle le Ciammarughe - Storaccio,0,0,0,0,1,0,0,0,0,0,0,0,0,0,0,0,0,0,1,0,0,0,1,1
1673,0,0,1,1,0,0,0,0,0,0,1381,0,0,1,0,1,0,0,0,0,0,121,1,1,1,Colle S. Giovanni - Cima Lepri,1,0,1,0,1,0,0,0,0,0,0,0,0,0,0,0,1,0,0,0,0,0,1,1
1674,0,0,0,1,0,0,0,0,0,0,1073,0,0,0,0,0,1,0,0,0,0,533,1,1,1,Tarquinia - Rocca Respampani,1,0,1,0,0,0,0,0,0,0,0,0,0,0,0,0,0,0,1,0,0,0,1,1
1677,0,0,0,0,0,0,0,0,0,0,188,0,0,1,0,1,0,1,0,0,0,97,1,1,0,Via del Ferraccio,0,0,0,0,1,0,0,0,0,0,0,0,0,0,0,0,0,0,1,0,0,0,0,0
1678,0,0,0,1,0,0,0,0,0,0,922,0,0,1,0,1,0,0,0,0,1,401,1,1,0,Selva del Lamone - Lago di Mezzano,0,0,0,0,0,0,0,0,0,1,0,0,0,0,0,0,0,0,1,0,1,0,1,1
1679,0,0,1,0,0,0,0,0,0,0,1684,0,0,0,1,0,1,0,0,0,1,856,1,0,1,Bagnoregio - Villa Fontane - Montefiascone,0,0,0,0,0,1,0,0,0,0,1,0,0,0,0,0,0,0,1,0,0,0,0,0
1680,0,0,0,0,0,0,0,0,0,1,22,0,0,1,0,1,0,0,0,1,0,21,1,0,0,Sentiero della Strompia,1,0,0,0,0,0,0,0,0,0,0,0,1,0,0,0,0,0,1,0,0,0,1,1
1681,1,0,0,0,1,1,0,0,0,0,1080,0,0,1,1,1,0,0,0,0,0,209,1,0,1,La Fossa - Rifugio Tassiti - Rifugio La Liscia,0,0,0,0,1,0,0,0,0,1,0,0,0,0,0,0,0,0,1,0,1,0,1,1
1682,0,0,0,1,1,0,0,0,0,1,118,0,0,1,0,1,0,0,0,1,0,23,1,0,0,Cascata Zompo Schioppo - Fonte della Volpe,0,0,0,0,0,0,0,0,0,1,0,0,1,0,0,0,0,0,1,1,1,0,1,1
1683,0,0,0,1,0,0,0,0,0,0,538,0,0,1,0,1,1,0,0,1,0,61,1,1,0,Madonnina - Eremo Madonna del Cauto,0,0,1,0,0,0,0,0,0,1,0,0,1,0,0,0,0,0,1,0,0,0,1,1
1684,1,0,0,1,0,0,0,0,0,0,722,0,0,1,0,1,0,0,0,1,0,106,1,1,0,Eremo Madonna del Cauto - Rifugio Tassiti - Colle Capanna,0,0,0,0,0,0,0,0,0,1,0,0,1,0,0,0,0,0,1,0,1,0,1,1
1686,0,0,0,0,0,0,1,0,0,1,238,0,0,0,0,1,1,0,0,1,0,109,1,0,0,Trastavere - San Pietro,0,0,1,0,0,1,0,0,0,1,0,0,0,0,0,0,0,0,1,1,0,0,0,0
1691,0,0,0,1,0,0,0,0,1,1,190,0,0,1,0,0,0,0,0,0,0,146,1,0,0,Castel di Guido - Sentiero delle Volpi,0,0,0,0,1,0,0,0,0,0,0,0,1,0,0,0,0,0,1,1,0,0,1,1
1693,0,0,0,1,0,0,0,0,1,1,229,0,0,1,0,1,0,0,0,1,1,32,1,0,0,Mura Ciclopiche - Montenero,1,0,1,0,0,0,0,0,0,0,0,0,0,0,0,0,0,0,1,1,0,0,1,0
1696,0,0,0,0,0,0,0,0,1,0,136,0,0,1,0,1,1,0,0,1,0,29,1,1,0,La Faggeta - Monte Cimino,1,0,0,0,0,0,0,0,0,0,0,0,0,0,0,0,0,0,1,1,0,0,1,1
1701,1,0,1,0,0,0,0,0,0,0,2543,1,0,1,1,0,0,0,0,0,1,1397,0,0,1,"1001 Miglia d'Italia 2021, Tappa 9: Bolsena - Tavernelle Sant'Eusebio",0,0,0,0,0,1,1,0,0,1,1,0,0,0,0,0,0,0,1,0,0,0,1,0
1702,0,0,1,0,0,0,0,0,0,0,392,0,0,1,0,1,1,0,0,1,0,122,1,1,1,Chia - Bomarzo,1,0,0,0,1,0,0,0,0,1,0,0,0,0,0,0,0,0,1,1,1,0,1,1
1704,0,0,0,1,0,0,0,0,1,0,327,0,0,0,0,1,0,0,0,1,1,163,1,1,1,Fiuggi - Lago di Canterno,0,0,0,0,1,0,0,0,0,0,0,0,0,0,0,0,0,0,1,0,0,0,0,0
1705,0,0,0,0,0,0,0,0,0,0,412,0,0,1,0,1,1,0,0,1,0,92,1,1,1,Santuario di Greccio - I Prati,0,0,1,0,0,0,0,0,0,0,0,0,0,0,0,0,0,0,1,0,0,0,0,0
1706,0,0,0,0,0,1,0,0,1,1,319,0,0,1,0,1,0,0,0,1,0,98,1,0,0,Cascata di Trevi nel Lazio - Jenne - Grotta dell'Inferniglio,0,0,1,0,0,0,0,0,0,1,0,0,0,0,0,0,0,0,1,1,1,0,1,0
1707,0,0,0,1,0,0,0,0,0,0,223,0,0,1,0,1,0,0,0,1,0,55,1,1,1,Campo dell'Osso - Le Vedute - Monte Autore,0,0,0,0,0,0,0,0,0,0,0,0,0,0,0,0,1,0,1,1,0,0,1,1
1710,0,0,0,0,0,0,0,0,0,1,266,0,0,1,0,1,0,0,0,1,0,66,1,0,1,Campo dell'osso - Monte Calvo,0,0,1,0,0,0,0,0,0,0,0,0,0,0,0,0,0,0,1,1,0,0,1,1
1712,0,0,0,0,0,0,0,0,0,0,1314,0,0,1,1,1,0,0,0,0,1,134,1,0,0,Cartore - Lago della Duchessa - Murolungo,0,0,0,0,0,0,0,0,0,0,0,0,0,0,0,0,0,0,1,0,0,0,1,1
1716,0,0,0,0,0,0,1,0,1,1,197,0,0,0,0,1,1,0,0,1,0,105,1,0,0,Trastevere - Piazza Navona - Pantheon - Piazza di Spagna,0,0,0,0,0,1,0,0,0,1,1,0,0,0,0,0,1,0,0,1,0,0,0,0
1719,0,0,0,1,0,1,0,0,0,0,1208,0,0,1,0,0,0,0,0,0,0,312,1,1,1,Sorgenti Lucretili All Mountain,0,0,0,0,0,0,0,0,0,1,0,0,0,0,0,0,0,0,1,0,0,0,1,1
1720,0,0,0,0,0,0,0,0,0,1,0,0,0,0,0,0,1,0,0,1,0,5,1,0,0,Belvedere della Madonnina,0,0,1,0,1,0,0,0,0,0,0,0,0,0,0,0,0,0,1,1,0,0,0,0
1722,0,0,0,1,0,0,0,0,0,1,0,0,0,0,0,1,0,0,0,1,0,18,1,0,0,La Specola di San Silverio,0,0,1,0,0,0,0,0,0,0,0,0,1,0,0,0,0,0,0,0,0,0,1,1
